currency,iso3,year,xr,iso2,cpi,cpi_us,s_it,p_i,p_us,q,ln_xr
AUD,AUS,1970,0.892857,AU,10.1716958439549,17.8051000777325,0.11332884530701597,2.3196089458107068,2.8794849374796003,0.6732048369759096,-0.11332884530701597
AUD,AUS,1971,0.880499,AU,10.7960455596837,18.5694314826577,0.12726648676486296,2.379179915199068,2.9215167600687066,0.669603331634502,-0.12726648676486296
AUD,AUS,1972,0.838771,AU,11.4464105807065,19.1770749495732,0.1758175537518482,2.437676194451936,2.9537155525891694,0.6918569118890816,-0.1758175537518482
AUD,AUS,1973,0.706155,AU,12.4869928157393,20.3617886272073,0.3479205188435445,2.524687527793634,3.0136600378830294,0.8368930289329399,-0.3479205188435445
AUD,AUS,1974,0.697004,AU,14.4120721988047,22.612744614712,0.3609641293571623,2.668066202504488,3.1185136683394976,0.8114115951921721,-0.3609641293571623
AUD,AUS,1975,0.765317,AU,16.5972911452823,24.6802610650347,0.2674651519019366,2.8092394980273983,3.2060037769810257,0.6642294308555639,-0.2674651519019366
AUD,AUS,1976,0.820806,AU,18.8085321418182,26.0980958211709,0.19746849465082894,2.9343106042136458,3.2618623546238927,0.5250202450610759,-0.19746849465082894
AUD,AUS,1977,0.902521,AU,21.1238298630209,27.7949115401048,0.10256332034775206,3.0504017806094916,3.3248529658173425,0.3770145055556027,-0.10256332034775206
AUD,AUS,1978,0.874107,AU,22.8147722478579,29.9159311887723,0.13455248519071678,3.127408231767975,3.3983911541787712,0.40553540760151296,-0.13455248519071678
AUD,AUS,1979,0.894829,AU,24.8959404650147,33.2828110274678,0.11112264041436018,3.2147047566457045,3.505041078355544,0.40145896212419974,-0.11112264041436018
AUD,AUS,1980,0.878305,AU,27.4193553826422,37.7923663165264,0.12976136525960272,3.3112491648367546,3.632107132932793,0.4506193333556414,-0.12976136525960272
AUD,AUS,1981,0.86997,AU,30.0208109702242,41.6980997956942,0.1392965506866723,3.401890840171688,3.7304555593179023,0.46786126983288634,-0.1392965506866723
AUD,AUS,1982,0.987111,AU,33.4287230358843,44.254788345169,0.012972783865953798,3.5094155015536,3.78996357678979,0.29352085910214365,-0.012972783865953798
AUD,AUS,1983,1.109894,AU,36.7845992450285,45.6764447583299,-0.10426451526876208,3.6050792588034333,3.821582733035403,0.11223895896320757,0.10426451526876208
AUD,AUS,1984,1.13977,AU,38.2414196200022,47.6407764689877,-0.13082648766528512,3.643919211448156,3.863689043031601,0.08894334391816017,0.13082648766528512
AUD,AUS,1985,1.429341,AU,40.8168591528718,49.3299488738723,-0.3572134988919761,3.7090952105916744,3.898531378834656,-0.16777733064899447,0.3572134988919761
AUD,AUS,1986,1.498628,AU,44.5109290849112,50.2662548449057,-0.40455002287869246,3.7957347564318216,3.9173339741315827,-0.2829508051789311,0.40455002287869246
AUD,AUS,1987,1.427254,AU,48.3090482474348,52.1082935307754,-0.35575231845070227,3.8776188774290654,3.9533241209424923,-0.2800470749372752,0.35575231845070227
AUD,AUS,1988,1.278456,AU,51.7950084772319,54.2331348364675,-0.24565309982641784,3.9472937831789756,3.9932920654973416,-0.1996548175080517,0.24565309982641784
AUD,AUS,1989,1.265323,AU,55.6971918586048,56.8509698983363,-0.23532742555518255,4.019929730197432,4.040433280707765,-0.21482387504484945,0.23532742555518255
AUD,AUS,1990,1.280973,AU,59.7814801287815,59.919760489111,-0.2476199454090957,4.090695916147497,4.093006342023255,-0.24530951953333746,0.2476199454090957
AUD,AUS,1991,1.284177,AU,61.6805397100433,62.4573407534626,-0.2501180462345565,4.12196847937962,4.134483775755862,-0.2376027498583153,0.2501180462345565
AUD,AUS,1992,1.363094,AU,62.3048875522264,64.3490609806525,-0.30975711585362503,4.132039874597863,4.164322341560413,-0.2774746488910753,0.30975711585362503
AUD,AUS,1993,1.472756,AU,63.3975018966839,66.2484245218916,-0.3871354754225644,4.149424458406385,4.193411683781927,-0.34314825004702154,0.3871354754225644
AUD,AUS,1994,1.36709,AU,64.6462013281415,67.9758134970225,-0.31268439317519797,4.168929345999566,4.219151958038281,-0.26246178113648355,0.31268439317519797
AUD,AUS,1995,1.34917,AU,67.6378752538607,69.8828203523109,-0.29948958855939317,4.214168110968406,4.246819844387176,-0.2668378551406234,0.29948958855939317
AUD,AUS,1996,1.27826,AU,69.4068620557434,71.9312285175105,-0.24549977814314597,4.239985739508673,4.275710503081537,-0.20977501457028147,0.24549977814314597
AUD,AUS,1997,1.348587,AU,69.5629546369261,73.6127576083459,-0.2990573776456039,4.242232164675518,4.298818347783613,-0.24247119453750887,0.2990573776456039
AUD,AUS,1998,1.592747,AU,70.1612864243969,74.755433058709,-0.4654601984779197,4.250796683477317,4.3142218926891625,-0.40203498926607395,0.4654601984779197
AUD,AUS,1999,1.549954,AU,71.2018761536123,76.391102265249,-0.43822525307141713,4.265519168542846,4.335866226893451,-0.36787819472081207,0.43822525307141713
AUD,AUS,2000,1.726291,AU,74.3756549681352,78.9707207568715,-0.5459751763644578,4.309128670121273,4.36907716043848,-0.48602668604725086,0.5459751763644578
AUD,AUS,2001,1.934431,AU,77.6534867602337,81.2025684592531,-0.6598132263910076,4.352256452131105,4.396946877938964,-0.6151228005831482,0.6598132263910076
AUD,AUS,2002,1.840401,AU,79.9687807343452,82.490466876552,-0.6099834826591679,4.381636317689432,4.412682733652381,-0.5789370666962195,0.6099834826591679
AUD,AUS,2003,1.540934,AU,82.1540056761687,84.3630788186188,-0.43238872608917384,4.408595603807835,4.435129851134964,-0.40585447876204483,0.43238872608917384
AUD,AUS,2004,1.360461,AU,84.0790850592342,86.6216781201727,-0.3078236128986454,4.4317578447211226,4.461550108955697,-0.2780313486640713,0.3078236128986454
AUD,AUS,2005,1.312657,AU,86.3423506710122,89.5605323721102,-0.272053327377473,4.458320215503905,4.494914736019611,-0.23545880686176712,0.272053327377473
AUD,AUS,2006,1.328211,AU,89.4120690137771,92.4497050827274,-0.2838329239754399,4.493255673221874,4.526664767808872,-0.250423829388442,0.2838329239754399
AUD,AUS,2007,1.194885,AU,91.493237230934,95.0869923788515,-0.17804994644303226,4.516265059505557,4.554792181845666,-0.13952282410292316,0.17804994644303226
AUD,AUS,2008,1.196204,AU,95.4734650293526,98.7374773853445,-0.17915320954514974,4.558848355782577,4.592464584452349,-0.14553698087537725,0.17915320954514974
AUD,AUS,2009,1.279068,AU,97.1644149083721,98.3864199710624,-0.24613168771977204,4.576404542669062,4.5889027861100065,-0.23363344427882726,0.24613168771977204
AUD,AUS,2010,1.089508,AU,99.9999999999999,100.0,-0.08572621819338543,4.60517018598809,4.605170185988092,-0.08572621819338355,0.08572621819338543
AUD,AUS,2011,0.969524,AU,103.30384784681,103.156841568622,0.030950049577466023,4.637674624674935,4.636250563722241,0.02952598862477185,-0.030950049577466023
AUD,AUS,2012,0.965948,AU,105.124870505209,105.291504532867,0.034645276446261,4.655148886475079,4.65673273718501,0.036229127156191865,-0.034645276446261
AUD,AUS,2013,1.036882,AU,107.700306290987,106.833848874866,-0.03621813299463601,4.679352428085755,4.671274813342744,-0.044295747737646884,0.03621813299463601
AUD,AUS,2014,1.109239,AU,110.379813789798,108.566932118964,-0.1036741946173897,4.703927271017705,4.687366868673699,-0.12023459696139582,0.1036741946173897
AUD,AUS,2015,1.332359,AU,112.044747614105,108.695721960694,-0.286951055323856,4.718898323772125,4.688552436965321,-0.3172969421306595,0.286951055323856
AUD,AUS,2016,1.344874,AU,113.475551934366,110.06700893427,-0.29630032836813147,4.731587412259901,4.7010893524521205,-0.326798388175912,0.29630032836813147
AUD,AUS,2017,1.304983,AU,115.686785436719,112.411557302308,-0.2661900138698836,4.750886413646626,4.722166755147941,-0.29490967236856847,0.2661900138698836
AUD,AUS,2018,1.339015,AU,117.898022686164,115.157303224791,-0.29193426903613234,4.769820036292969,4.746299047831631,-0.3154552574974705,0.29193426903613234
AUD,AUS,2019,1.439273,AU,119.797089761608,117.244195476228,-0.3641381249915174,4.785799392912225,4.764258900567713,-0.3856786173360298,0.3641381249915174
AUD,AUS,2020,1.451936,AU,120.811652194838,118.690501577198,-0.3728978382961926,4.794232739415426,4.776519278002681,-0.3906112997089375,0.3728978382961926
AUD,AUS,2021,1.332437,AU,124.271592622831,124.266413825838,-0.2870095963904309,4.822469433562859,4.822427759477936,-0.28705127047535406,0.2870095963904309
AUD,AUS,2022,1.442807,AU,132.466181470806,134.21120616846,-0.3665905217127716,4.886327378665893,4.899414724542119,-0.3535031758365452,0.3665905217127716
AUD,AUS,2023,1.506645,AU,139.880337389597,139.73579356326,-0.4098853245416559,4.940787324185382,4.939753450791028,-0.4109191979360096,0.4098853245416559
AUD,AUS,2024,1.515301,AU,144.309741509281,143.857336014608,-0.4156140990950881,4.97196197222804,4.96882208636568,-0.41875398495744776,0.4156140990950881
CAD,CAN,1970,1.0433,CA,17.4585002862049,17.8051000777325,-0.04238876649178652,2.859826652461445,2.8794849374796003,-0.02273048147363088,0.04238876649178652
CAD,CAN,1971,1.009921,CA,17.9307384087006,18.5694314826577,-0.009872109972212629,2.8865164696302106,2.9215167600687066,0.02512818046628329,0.009872109972212629
CAD,CAN,1972,0.990741,CA,18.8251287922152,19.1770749495732,0.009302130980104786,2.9351926152144903,2.9537155525891694,0.027825068354784044,-0.009302130980104786
CAD,CAN,1973,1.000246,CA,20.2346880366342,20.3617886272073,-0.0002459697469613651,3.0073983611906607,3.0136600378830294,0.0060157069454072065,0.0002459697469613651
CAD,CAN,1974,0.978025,CA,22.4599313108185,22.612744614712,0.022220046901843413,3.1117328910161506,3.1185136683394976,0.029000824225190236,-0.022220046901843413
CAD,CAN,1975,1.017207,CA,24.8568975386377,24.6802610650347,-0.017060636178012296,3.2131352809752505,3.2060037769810257,-0.024192140172237142,0.017060636178012296
CAD,CAN,1976,0.985853,CA,26.7315397824842,26.0980958211709,0.01424802271520145,3.28584413352293,3.2618623546238927,-0.009733756183835762,-0.01424802271520145
CAD,CAN,1977,1.063421,CA,28.8637664567831,27.7949115401048,-0.06149106987129544,3.3625870526883577,3.3248529658173425,-0.0992251567423108,0.06149106987129544
CAD,CAN,1978,1.139993,CA,31.4539210074413,29.9159311887723,-0.1310221220366749,3.44852364969771,3.3983911541787712,-0.18115461755561357,0.1310221220366749
CAD,CAN,1979,1.171634,CA,34.3302804808242,33.2828110274678,-0.15839935569375885,3.5360277775738367,3.505041078355544,-0.18938605491205118,0.15839935569375885
CAD,CAN,1980,1.168343,CA,37.807670291929,37.7923663165264,-0.15558650567865168,3.632511999816414,3.632107132932793,-0.1559913725622728,0.15558650567865168
CAD,CAN,1981,1.198897,CA,42.522896393818,41.6980997956942,-0.18140196743457093,3.75004266954086,3.7304555593179023,-0.20098907765752871,0.18140196743457093
CAD,CAN,1982,1.233789,CA,47.1021751574127,44.254788345169,-0.21008992220818823,3.8523191816420757,3.78996357678979,-0.2724455270604742,0.21008992220818823
CAD,CAN,1983,1.232175,CA,49.8640526617058,45.6764447583299,-0.20878090047837317,3.909300355612718,3.821582733035403,-0.29649852305568825,0.20878090047837317
CAD,CAN,1984,1.294674,CA,52.0105895821408,47.6407764689877,-0.2582589260085727,3.951447343658834,3.863689043031601,-0.3460172266358059,0.2582589260085727
CAD,CAN,1985,1.365068,CA,54.0712650257584,49.3299488738723,-0.3112042442459218,3.990302899194918,3.898531378834656,-0.4029757646061838,0.3112042442459218
CAD,CAN,1986,1.38963,CA,56.3394390383515,50.2662548449057,-0.32903752465817954,4.031394805677882,3.9173339741315827,-0.44309835620447924,0.32903752465817954
CAD,CAN,1987,1.325811,CA,58.7936462507155,52.1082935307754,-0.28202434766809237,4.074033792105387,3.9533241209424923,-0.4027340188309867,0.28202434766809237
CAD,CAN,1988,1.230547,CA,61.1619919862622,54.2331348364675,-0.2074587859748738,4.113525950613238,3.9932920654973416,-0.3276926710907704,0.2074587859748738
CAD,CAN,1989,1.184005,CA,64.2100744132799,56.8509698983363,-0.16890275942587016,4.162160120710127,4.040433280707765,-0.29062959942823285,0.16890275942587016
CAD,CAN,1990,1.166869,CA,67.279622209502,59.919760489111,-0.15432409336169067,4.208857400451276,4.093006342023255,-0.2701751517897115,0.15432409336169067
CAD,CAN,1991,1.145566,CA,71.0646823125358,62.4573407534626,-0.13589883801287103,4.263590480802256,4.134483775755862,-0.26500554305926594,0.13589883801287103
CAD,CAN,1992,1.208774,CA,72.123640526617,64.3490609806525,-0.18960662281059185,4.278381875799558,4.164322341560413,-0.30366615704973654,0.18960662281059185
CAD,CAN,1993,1.290581,CA,73.468803663423,66.2484245218916,-0.2550925045764295,4.29686087616523,4.193411683781927,-0.3585416969597319,0.2550925045764295
CAD,CAN,1994,1.365552,CA,73.590440755581,67.9758134970225,-0.311558742495454,4.298515136261257,4.219151958038281,-0.39092192071843,0.311558742495454
CAD,CAN,1995,1.372443,CA,75.1717229536348,69.8828203523109,-0.3165923634845073,4.319775135688106,4.246819844387176,-0.38954765478543774,0.3165923634845073
CAD,CAN,1996,1.363618,CA,76.352318259874,71.9312285175105,-0.31014146154649647,4.335358394790763,4.275710503081537,-0.36978935325572193,0.31014146154649647
CAD,CAN,1997,1.384083,CA,77.5901545506583,73.6127576083459,-0.32503782649554924,4.351440544792755,4.298818347783613,-0.3776600235046912,0.32503782649554924
CAD,CAN,1998,1.483863,CA,78.3629078420148,74.755433058709,-0.39464882242431515,4.361350701142483,4.3142218926891625,-0.4417776308776351,0.39464882242431515
CAD,CAN,1999,1.485711,CA,79.722381224957,76.391102265249,-0.39589344555110667,4.378550364754959,4.335866226893451,-0.4385775834126151,0.39589344555110667
CAD,CAN,2000,1.485217,CA,81.8903835145964,78.9707207568715,-0.39556088952514257,4.405381566560865,4.36907716043848,-0.4318652956475275,0.39556088952514257
CAD,CAN,2001,1.548034,CA,83.9582140812822,81.2025684592531,-0.43698573875062346,4.430319223660004,4.396946877938964,-0.4703580844716635,0.43698573875062346
CAD,CAN,2002,1.569864,CA,85.8543216943331,82.490466876552,-0.450988991404302,4.4526519261385875,4.412682733652381,-0.4909581838905086,0.450988991404302
CAD,CAN,2003,1.401231,CA,88.2226674298798,84.3630788186188,-0.3373511359902702,4.479863930332589,4.435129851134964,-0.38208521518789507,0.3373511359902702
CAD,CAN,2004,1.301298,CA,89.8611906124785,86.6216781201727,-0.2633622278747797,4.498266153192326,4.461550108955697,-0.30007827211140814,0.2633622278747797
CAD,CAN,2005,1.212034,CA,91.850314825415,89.5605323721102,-0.1922999400589307,4.520160239259125,4.494914736019611,-0.2175454432984445,0.1922999400589307
CAD,CAN,2006,1.134173,CA,93.689181453921,92.4497050827274,-0.12590375098909998,4.539982723175235,4.526664767808872,-0.13922170635546394,0.12590375098909998
CAD,CAN,2007,1.073623,CA,95.6926159129937,95.0869923788515,-0.07103891025468803,4.561141136788122,4.554792181845666,-0.07738786519714491,0.07103891025468803
CAD,CAN,2008,1.065847,CA,97.9607899255867,98.7374773853445,-0.06376978823813509,4.584567295807955,4.592464584452349,-0.05587249959374052,0.06376978823813509
CAD,CAN,2009,1.140266,CA,98.2541499713795,98.3864199710624,-0.13126156852174903,4.587557488751782,4.5889027861100065,-0.12991627116352422,0.13126156852174903
CAD,CAN,2010,1.029955,CA,100.0,100.0,-0.02951511196674985,4.605170185988092,4.605170185988092,-0.029515111966749608,0.02951511196674985
CAD,CAN,2011,0.989261,CA,102.912135088724,103.156841568622,0.010797079243423742,4.633875566778093,4.636250563722241,0.013172076187571768,-0.010797079243423742
CAD,CAN,2012,0.999739,CA,104.471951917573,105.291504532867,0.00026103406642764306,4.6489186326757626,4.65673273718501,0.008075138575675211,-0.00026103406642764306
CAD,CAN,2013,1.030191,CA,105.452203777905,106.833848874866,-0.029744221943452918,4.658257805501144,4.671274813342744,-0.016727214101853072,0.029744221943452918
CAD,CAN,2014,1.104261,CA,107.462793360046,108.566932118964,-0.09917633295722189,4.677144679379782,4.687366868673699,-0.08895414366330456,0.09917633295722189
CAD,CAN,2015,1.27911,CA,108.672009158557,108.695721960694,-0.24616452358967916,4.688334255525887,4.688552436965321,-0.24594634215024502,0.24616452358967916
CAD,CAN,2016,1.324811,CA,110.224670864339,110.06700893427,-0.2812698077544839,4.702520745204969,4.7010893524521205,-0.28270120050733194,0.2812698077544839
CAD,CAN,2017,1.298099,CA,111.984831139096,112.411557302308,-0.2609008865598398,4.718363425864705,4.722166755147941,-0.2570975572766043,0.2609008865598398
CAD,CAN,2018,1.29571,CA,114.524899828277,115.157303224791,-0.2590588074587645,4.74079226510119,4.746299047831631,-0.2535520247283234,0.2590588074587645
CAD,CAN,2019,1.326937,CA,116.757298225529,117.244195476228,-0.2828732787144067,4.760097406162941,4.764258900567713,-0.2787117843096345,0.2828732787144067
CAD,CAN,2020,1.340677,CA,117.594447624499,118.690501577198,-0.2931747102608022,4.767241820272518,4.776519278002681,-0.2838972525306387,0.2931747102608022
CAD,CAN,2021,1.25372,CA,121.587006296508,124.266413825838,-0.22611513179236994,4.800630107708302,4.822427759477936,-0.20431748002273586,0.22611513179236994
CAD,CAN,2022,1.301834,CA,129.858328563251,134.21120616846,-0.263774039498297,4.866444075930597,4.899414724542119,-0.23080339088677526,0.263774039498297
CAD,CAN,2023,1.349942,CA,134.895535203205,139.73579356326,-0.3000616285644406,4.904500665580779,4.939753450791028,-0.2648088433541913,0.3000616285644406
CAD,CAN,2024,1.369572,CA,138.10818546079,143.857336014608,-0.3144982822711271,4.92803733064128,4.96882208636568,-0.273713526546727,0.3144982822711271
CHF,CHE,1970,4.310004,CH,33.3732864692163,17.8051000777325,-1.4609388321894718,3.507755773656053,2.8794849374796003,-2.0892096683659247,1.4609388321894718
CHF,CHE,1971,4.117114,CH,35.5669863836013,18.5694314826577,-1.4151524324699867,3.5714178588288474,2.9215167600687066,-2.0650535312301272,1.4151524324699867
CHF,CHE,1972,3.818641,CH,37.9357501812349,19.1770749495732,-1.3398946001588765,3.6358939440323583,2.9537155525891694,-2.0220729916020654,1.3398946001588765
CHF,CHE,1973,3.168789,CH,41.2569000469079,20.3617886272073,-1.1533494959739248,3.719818372656411,3.0136600378830294,-1.8595078307473065,1.1533494959739248
CHF,CHE,1974,2.979983,CH,45.2866324097188,22.612744614712,-1.0919175958030547,3.813011898648097,3.1185136683394976,-1.786415826111654,1.0919175958030547
CHF,CHE,1975,2.583202,CH,48.3192948732668,24.6802610650347,-0.9490297146951375,3.877830960665505,3.2060037769810257,-1.6208568983796168,0.9490297146951375
CHF,CHE,1976,2.498218,CH,49.1482009361889,26.0980958211709,-0.9155776777114498,3.89484024238691,3.2618623546238927,-1.5485555654744672,0.9155776777114498
CHF,CHE,1977,2.403037,CH,49.7851612088449,27.7949115401048,-0.8767333540556845,3.9077169719355362,3.3248529658173425,-1.4595973601738783,0.8767333540556845
CHF,CHE,1978,1.788726,CH,50.2973474100632,29.9159311887723,-0.5815036346077367,3.917952340328717,3.3983911541787712,-1.1010648207576823,0.5815036346077367
CHF,CHE,1979,1.663355,CH,52.1320136262395,33.2828110274678,-0.5088366470625835,3.9537792250480046,3.505041078355544,-0.9575747937550441,0.5088366470625835
CHF,CHE,1980,1.674012,CH,54.2290243166379,37.7923663165264,-0.5152231405003717,3.9932162691115116,3.632107132932793,-0.87633227667909,0.5152231405003717
CHF,CHE,1981,1.964166,CH,57.7486559095696,41.6980997956942,-0.6750677277454719,4.056100074837885,3.7304555593179023,-1.0007122432654545,0.6750677277454719
CHF,CHE,1982,2.032789,CH,61.0144012032029,44.254788345169,-0.7094087417537652,4.111109921607971,3.78996357678979,-1.0305550865719466,0.7094087417537652
CHF,CHE,1983,2.101082,CH,62.8142006147225,45.6764447583299,-0.7424524501350438,4.140181172350132,3.821582733035403,-1.0610508894497723,0.7424524501350438
CHF,CHE,1984,2.349409,CH,64.655571701771,47.6407764689877,-0.854163807165613,4.169074284053026,3.863689043031601,-1.1595490481870376,0.854163807165613
CHF,CHE,1985,2.453077,CH,66.8767487936809,49.3299488738723,-0.8973431549182214,4.202851355060143,3.898531378834656,-1.2016631311437083,0.8973431549182214
CHF,CHE,1986,1.796281,CH,67.378531620158,50.2662548449057,-0.5857184164389342,4.210326445223256,3.9173339741315827,-0.8787108875306071,0.5857184164389342
CHF,CHE,1987,1.490812,CH,68.348999353787,52.1082935307754,-0.39932093796003637,4.2246269230304145,3.9533241209424923,-0.6706237400479584,0.39932093796003637
CHF,CHE,1988,1.465014,CH,69.6288129032682,54.2331348364675,-0.38186479873736257,4.243178460170151,3.9932920654973416,-0.6317511934101723,0.38186479873736257
CHF,CHE,1989,1.635606,CH,71.8257898068906,56.8509698983363,-0.49201337788019833,4.27424360107208,4.040433280707765,-0.7258236982445139,0.49201337788019833
CHF,CHE,1990,1.388716,CH,75.7072261056969,59.919760489111,-0.3283795792237579,4.326873613030288,4.093006342023255,-0.5622468502307907,0.3283795792237579
CHF,CHE,1991,1.435897,CH,80.143364178801,62.4573407534626,-0.36178974103402817,4.383817083099076,4.134483775755862,-0.6111230483772423,0.36178974103402817
CHF,CHE,1992,1.403988,CH,83.3787760002362,64.3490609806525,-0.3393167585585465,4.423393792568411,4.164322341560413,-0.598388209566544,0.3393167585585465
CHF,CHE,1993,1.478021,CH,86.124123758008,66.2484245218916,-0.39070403081478766,4.4557895552095905,4.193411683781927,-0.6530819022424508,0.39070403081478766
CHF,CHE,1994,1.365967,CH,86.8580020534487,67.9758134970225,-0.31186260273087096,4.464274624924659,4.219151958038281,-0.5569852696172495,0.31186260273087096
CHF,CHE,1995,1.183004,CH,88.42129649372,69.8828203523109,-0.16805696622468377,4.482112851191752,4.246819844387176,-0.40334997302925935,0.16805696622468377
CHF,CHE,1996,1.235247,CH,89.1389538564489,71.9312285175105,-0.21127095008260677,4.490196431488682,4.275710503081537,-0.42575687848975186,0.21127095008260677
CHF,CHE,1997,1.450638,CH,89.6026773559716,73.6127576083459,-0.3720034596608684,4.4953852007394905,4.298818347783613,-0.5685703126167456,0.3720034596608684
CHF,CHE,1998,1.448849,CH,89.6187506765556,74.755433058709,-0.37076944810846496,4.495564569030476,4.3142218926891625,-0.5521121244497786,0.37076944810846496
CHF,CHE,1999,1.503651,CH,90.3414760556728,76.391102265249,-0.4078961507280345,4.503596668986856,4.335866226893451,-0.5756265928214397,0.4078961507280345
CHF,CHE,2000,1.689859,CH,91.7494743368115,78.9707207568715,-0.5246450935016804,4.51906175761921,4.36907716043848,-0.6746296906824103,0.5246450935016804
CHF,CHE,2001,1.687983,CH,92.6568952905171,81.2025684592531,-0.5235343250330042,4.528903372957442,4.396946877938964,-0.6554908200514826,0.5235343250330042
CHF,CHE,2002,1.556569,CH,93.252411818155,82.490466876552,-0.44248404014504616,4.53530992219112,4.412682733652381,-0.5651112286837852,0.44248404014504616
CHF,CHE,2003,1.346311,CH,93.8476167201897,84.3630788186188,-0.2973682595111575,4.541672368146295,4.435129851134964,-0.40391077652248786,0.2973682595111575
CHF,CHE,2004,1.242587,CH,94.6011274286296,86.6216781201727,-0.21719549665807694,4.549669393837022,4.461550108955697,-0.30531478153940217,0.21719549665807694
CHF,CHE,2005,1.246551,CH,95.7098093179336,89.5605323721102,-0.22038053770526783,4.56132079391593,4.494914736019611,-0.28678659560158604,0.22038053770526783
CHF,CHE,2006,1.253639,CH,96.7238636326361,92.4497050827274,-0.22605052197779757,4.571860152082682,4.526664767808872,-0.2712459062516075,0.22605052197779757
CHF,CHE,2007,1.200066,CH,97.4322214313128,95.0869923788515,-0.18237655528151014,4.57915697145766,4.554792181845666,-0.20674134489350493,0.18237655528151014
CHF,CHE,2008,1.083274,CH,99.7959672366682,98.7374773853445,-0.07998793694287817,4.603127774050757,4.592464584452349,-0.09065112654128527,0.07998793694287817
CHF,CHE,2009,1.085405,CH,99.3164656408171,98.3864199710624,-0.08195318923320342,4.598311374433054,4.5889027861100065,-0.09136177755625141,0.08195318923320342
CHF,CHE,2010,1.042589,CH,100.0,100.0,-0.041707042749500926,4.605170185988092,4.605170185988092,-0.041707042749500545,0.041707042749500926
CHF,CHE,2011,0.886766,CH,100.231349207651,103.156841568622,0.12017414207421417,4.607481006062118,4.636250563722241,0.1489436997343372,-0.12017414207421417
CHF,CHE,2012,0.938684,CH,99.5371949759393,105.291504532867,0.06327638463371565,4.600531393165348,4.65673273718501,0.11947772865337658,-0.06327638463371565
CHF,CHE,2013,0.927282,CH,99.3208776033039,106.833848874866,0.07549755255814476,4.598355796719574,4.671274813342744,0.14841656918131463,-0.07549755255814476
CHF,CHE,2014,0.915544,CH,99.3077647259499,108.566932118964,0.08823685485371235,4.598223762615938,4.687366868673699,0.17737996091147323,-0.08823685485371235
CHF,CHE,2015,0.96285,CH,98.1717745930006,108.695721960694,0.03785764255624022,4.586718746275291,4.688552436965321,0.1396913332462706,-0.03785764255624022
CHF,CHE,2016,0.985258,CH,97.7451017375588,110.06700893427,0.014851743173432432,4.582363087508222,4.7010893524521205,0.13357800811733078,-0.014851743173432432
CHF,CHE,2017,0.98465,CH,98.2668532046593,112.411557302308,0.015469030903931702,4.587686769928777,4.722166755147941,0.1499490161230952,-0.015469030903931702
CHF,CHE,2018,0.97856,CH,99.186960600683,115.157303224791,0.021673175681494277,4.5970065600934715,4.746299047831631,0.17096566341965325,-0.021673175681494277
CHF,CHE,2019,0.993719,CH,99.5468963730061,117.244195476228,0.006300808468721986,4.600628853459727,4.764258900567713,0.16993085557670717,-0.006300808468721986
CHF,CHE,2020,0.938402,CH,98.824310405343,118.690501577198,0.06357685035784505,4.59334363122107,4.776519278002681,0.24675249713945568,-0.06357685035784505
CHF,CHE,2021,0.914318,CH,99.3992842451936,124.266413825838,0.08957684681315882,4.599144912884023,4.822427759477936,0.31285969340707176,-0.08957684681315882
CHF,CHE,2022,0.95513,CH,102.21728177187,134.21120616846,0.04590782211121268,4.627100761046335,4.899414724542119,0.31822178560699665,-0.04590782211121268
CHF,CHE,2023,0.898971,CH,104.400030506506,139.73579356326,0.1065045030953355,4.648229967656407,4.939753450791028,0.3980279862299563,-0.1065045030953355
CHF,CHE,2024,0.880333,CH,105.509114228825,143.857336014608,0.12745503399763902,4.658797339979201,4.96882208636568,0.43747978038411794,-0.12745503399763902
GBP,GBR,1970,0.417412,GB,9.33470270020344,17.8051000777325,0.8736815353512386,2.233738928624019,2.8794849374796003,1.51942754420682,-0.8736815353512386
GBP,GBR,1971,0.409233,GB,10.2163501941927,18.5694314826577,0.8934706029950215,2.3239893971357475,2.9215167600687066,1.4909979659279804,-0.8934706029950215
GBP,GBR,1972,0.400145,GB,10.9387583687812,19.1770749495732,0.9159282975614061,2.3923122959258856,2.9537155525891694,1.47733155422469,-0.9159282975614061
GBP,GBR,1973,0.408142,GB,11.9446902163862,20.3617886272073,0.8961401259138877,2.4802868462753986,3.0136600378830294,1.4295133175215184,-0.8961401259138877
GBP,GBR,1974,0.427558,GB,13.8610976511929,22.612744614712,0.8496653272933855,2.6290861862387134,3.1185136683394976,1.3390928093941699,-0.8496653272933855
GBP,GBR,1975,0.452689,GB,17.2164934344368,24.6802610650347,0.7925499234879705,2.84586784495554,3.2060037769810257,1.152685855513456,-0.7925499234879705
GBP,GBR,1976,0.556478,GB,20.0674625485482,26.0980958211709,0.5861276418422288,2.999099724747938,3.2618623546238927,0.8488902717181834,-0.5861276418422288
GBP,GBR,1977,0.573135,GB,23.2462021453671,27.7949115401048,0.5566339879229716,3.1461417701041707,3.3248529658173425,0.7353451836361433,-0.5566339879229716
GBP,GBR,1978,0.521504,GB,25.1670686147587,29.9159311887723,0.6510383343885588,3.225536338906693,3.3983911541787712,0.8238931496606376,-0.6510383343885588
GBP,GBR,1979,0.471974,GB,28.5448113556501,33.2828110274678,0.7508313796595647,3.3514751807291234,3.505041078355544,0.9043972772859852,-0.7508313796595647
GBP,GBR,1980,0.429924,GB,33.673150545589,37.7923663165264,0.8441468301016698,3.516700800093027,3.632107132932793,0.9595531629414356,-0.8441468301016698
GBP,GBR,1981,0.498553,GB,37.6723848714629,41.6980997956942,0.6960453762748331,3.628927329268948,3.7304555593179023,0.7975736063237875,-0.6960453762748331
GBP,GBR,1982,0.57315,GB,40.911781949325,44.254788345169,0.5566078164211183,3.711418088786021,3.78996357678979,0.6351533044248874,-0.5566078164211183
GBP,GBR,1983,0.660067,GB,42.7975300536342,45.6764447583299,0.41541393396246507,3.7564803918952827,3.821582733035403,0.4805162751025853,-0.41541393396246507
GBP,GBR,1984,0.751418,GB,44.9205918254115,47.6407764689877,0.28579319084572086,3.8048963048816593,3.863689043031601,0.34458592899566254,-0.28579319084572086
GBP,GBR,1985,0.77833,GB,47.6478980950619,49.3299488738723,0.25060468021166593,3.863838517795943,3.898531378834656,0.2852975412503791,-0.25060468021166593
GBP,GBR,1986,0.682393,GB,49.2810819308304,50.2662548449057,0.38214954077052776,3.8975402737494895,3.9173339741315827,0.40194324115262114,-0.38214954077052776
GBP,GBR,1987,0.611506,GB,51.325715738857,52.1082935307754,0.491830511965189,3.938191908036346,3.9533241209424923,0.5069627248713355,-0.491830511965189
GBP,GBR,1988,0.562707,GB,53.4584797484742,54.2331348364675,0.5749962125989545,3.978905273128617,3.9932920654973416,0.5893830049676789,-0.5749962125989545
GBP,GBR,1989,0.611637,GB,56.5378213427039,56.8509698983363,0.49161630970020304,4.034909818496921,4.040433280707765,0.49713977191104686,-0.49161630970020304
GBP,GBR,1990,0.562614,GB,61.0967264656926,59.919760489111,0.5751614987710099,4.112458288076026,4.093006342023255,0.5557095527182385,-0.5751614987710099
GBP,GBR,1991,0.567661,GB,65.6556315886813,62.4573407534626,0.566230869421411,4.184423379075548,4.134483775755862,0.5162912661017254,-0.566230869421411
GBP,GBR,1992,0.569811,GB,68.6702422785278,64.3490609806525,0.5624505520853637,4.229315950783166,4.164322341560413,0.4974569428626108,-0.5624505520853637
GBP,GBR,1993,0.666359,GB,70.4272239689291,66.2484245218916,0.4059267146320644,4.2545798925173415,4.193411683781927,0.34475850589665047,-0.4059267146320644
GBP,GBR,1994,0.653016,GB,71.9900129461809,67.9758134970225,0.42615364770879194,4.27652740031424,4.219151958038281,0.36877820543283235,-0.42615364770879194
GBP,GBR,1995,0.633763,GB,73.9319400776771,69.8828203523109,0.45608021146661637,4.303144941314196,4.246819844387176,0.39975511453959633,-0.45608021146661637
GBP,GBR,1996,0.64089,GB,76.0403181061587,71.9312285175105,0.44489744365188433,4.331263701017037,4.275710503081537,0.3893442457163845,-0.44489744365188433
GBP,GBR,1997,0.610608,GB,77.7140743480673,73.6127576083459,0.4933000969001722,4.353036378011032,4.298818347783613,0.4390820666727535,-0.4933000969001722
GBP,GBR,1998,0.603556,GB,79.1289069724431,74.755433058709,0.5049164507030705,4.3710782564641955,4.3142218926891625,0.4480600869280371,-0.5049164507030705
GBP,GBR,1999,0.618281,GB,80.5159977806547,76.391102265249,0.48081223230914805,4.388455894874757,4.335866226893451,0.4282225643278421,-0.48081223230914805
GBP,GBR,2000,0.661358,GB,81.4684668022933,78.9707207568715,0.4134599821138994,4.400216034976366,4.36907716043848,0.3823211075760131,-0.4134599821138994
GBP,GBR,2001,0.694657,GB,82.7168485296837,81.2025684592531,0.36433708042083635,4.4154233119889605,4.396946877938964,0.3458606463708396,-0.36433708042083635
GBP,GBR,2002,0.666542,GB,83.9744775291289,82.490466876552,0.4056521255948445,4.43051291373597,4.412682733652381,0.3878219455112557,-0.4056521255948445
GBP,GBR,2003,0.612482,GB,85.1303865359719,84.3630788186188,0.4902357247501856,4.444184040423328,4.435129851134964,0.48118153546182185,-0.4902357247501856
GBP,GBR,2004,0.545951,GB,86.3140373589791,86.6216781201727,0.6052260508541726,4.457992242555902,4.461550108955697,0.6087839172539669,-0.6052260508541726
GBP,GBR,2005,0.550368,GB,88.1172554096541,89.5605323721102,0.5971681335880552,4.478668375394329,4.494914736019611,0.6134144942133375,-0.5971681335880552
GBP,GBR,2006,0.543553,GB,90.2811170704642,92.4497050827274,0.6096280610759027,4.502928325271813,4.526664767808872,0.6333645036129614,-0.6096280610759027
GBP,GBR,2007,0.499667,GB,92.4357314592195,95.0869923788515,0.693813402436464,4.526513608000984,4.554792181845666,0.7220919762811455,-0.693813402436464
GBP,GBR,2008,0.545067,GB,95.6907712224893,98.7374773853445,0.6068465560950602,4.561121859352061,4.592464584452349,0.6381892811953493,-0.6068465560950602
GBP,GBR,2009,0.640636,GB,97.5679674496024,98.3864199710624,0.4452938460710721,4.580549237188234,4.5889027861100065,0.4536473949928448,-0.4452938460710721
GBP,GBR,2010,0.647789,GB,100.0,100.0,0.4341902529386317,4.605170185988092,4.605170185988092,0.4341902529386319,-0.4341902529386317
GBP,GBR,2011,0.623842,GB,103.856112446828,103.156841568622,0.47185814780274526,4.643006407009175,4.636250563722241,0.4651023045158107,-0.47185814780274526
GBP,GBR,2012,0.631273,GB,106.528574070649,105.291504532867,0.4600168634127651,4.668413250296022,4.65673273718501,0.44833635030175234,-0.4600168634127651
GBP,GBR,2013,0.639738,GB,108.969853893102,106.833848874866,0.44669656144524056,4.691071274188611,4.671274813342744,0.4269001005993731,-0.44669656144524056
GBP,GBR,2014,0.607358,GB,110.551137414463,108.566932118964,0.49863687594598727,4.705478195938569,4.687366868673699,0.4805255486811175,-0.49863687594598727
GBP,GBR,2015,0.654322,GB,110.958017384871,108.695721960694,0.42415569395170255,4.709151908010526,4.688552436965321,0.40355622290649773,-0.42415569395170255
GBP,GBR,2016,0.740907,GB,112.076937303495,110.06700893427,0.2998801676354709,4.719185575669442,4.7010893524521205,0.2817839444181489,-0.2998801676354709
GBP,GBR,2017,0.776964,GB,114.943591640466,112.411557302308,0.2523612617341841,4.744441500550898,4.722166755147941,0.23008651633122756,-0.2523612617341841
GBP,GBR,2018,0.749947,GB,117.579064176068,115.157303224791,0.28775274161545406,4.767110993902361,4.746299047831631,0.2669407955447234,-0.28775274161545406
GBP,GBR,2019,0.784206,GB,119.622711300166,117.244195476228,0.24308353804376456,4.784342717303081,4.764258900567713,0.22299972130839674,-0.24308353804376456
GBP,GBR,2020,0.77964,GB,120.806362123174,118.690501577198,0.24892300430169714,4.794188950696445,4.776519278002681,0.23125333160793282,-0.24892300430169714
GBP,GBR,2021,0.727024,GB,123.848714629184,124.266413825838,0.31879578961387195,4.81906077743326,4.822427759477936,0.32216277165854734,-0.31879578961387195
GBP,GBR,2022,0.812127,GB,133.660070279268,134.21120616846,0.20809854710939354,4.895299787889071,4.899414724542119,0.21221348376244187,-0.20809854710939354
GBP,GBR,2023,0.804628,GB,142.740891437026,139.73579356326,0.21737522017137997,4.96103103870365,4.939753450791028,0.1960976322587582,-0.21737522017137997
GBP,GBR,2024,0.782333,GB,147.410763824672,143.857336014608,0.24547479787515558,4.99322300167979,4.96882208636568,0.2210738825610461,-0.24547479787515558
JPY,JPN,1970,358.069122,JP,32.6712854640853,17.8051000777325,-5.880726045975791,3.486496571765303,2.8794849374796003,-6.487737680261494,5.880726045975791
JPY,JPN,1971,347.78569,JP,34.760728139114,18.5694314826577,-5.851586456737906,3.5484882477932707,2.9215167600687066,-6.47855794446247,5.851586456737906
JPY,JPN,1972,303.12498,JP,36.4443699640338,19.1770749495732,-5.714145195712364,3.5957869873760315,2.9537155525891694,-6.356216630499226,5.714145195712364
JPY,JPN,1973,271.30548,JP,40.6750596779349,20.3617886272073,-5.6032454185025395,3.705615120293574,3.0136600378830294,-6.295200500913085,5.6032454185025395
JPY,JPN,1974,291.8446,JP,50.1207220187673,22.612744614712,-5.67622146882315,3.9144345357255275,3.1185136683394976,-6.4721423362091794,5.67622146882315
JPY,JPN,1975,296.595798,JP,56.0005173150257,24.6802610650347,-5.692370262374885,4.025360928460797,3.2060037769810257,-6.511727413854656,5.692370262374885
JPY,JPN,1976,296.149676,JP,61.2500261845194,26.0980958211709,-5.690864988682193,4.114964276927102,3.2618623546238927,-6.543966910985403,5.690864988682193
JPY,JPN,1977,268.266736,JP,66.2491472954352,27.7949115401048,-5.591981769126636,4.1934225937712,3.3248529658173425,-6.4605513970804935,5.591981769126636
JPY,JPN,1978,210.258974,JP,69.0379488823536,29.9159311887723,-5.348339980462993,4.234656337213825,3.3983911541787712,-6.184605163498047,5.348339980462993
JPY,JPN,1979,218.950438,JP,71.5936308319755,33.2828110274678,-5.388845393702132,4.271006115149205,3.505041078355544,-6.154810430495793,5.388845393702132
JPY,JPN,1980,226.229566,JP,77.1625999451719,37.7923663165264,-5.421550262479198,4.345914882974927,3.632107132932793,-6.135358012521332,5.421550262479198
JPY,JPN,1981,220.508576,JP,80.9529525664017,41.6980997956942,-5.3959365875546075,4.393868153410329,3.7304555593179023,-6.059349181647034,5.3959365875546075
JPY,JPN,1982,249.185749,JP,83.1719061510396,44.254788345169,-5.518198598279665,4.420909624351158,3.78996357678979,-6.149144645841034,5.518198598279665
JPY,JPN,1983,237.479687,JP,84.751939248272,45.6764447583299,-5.470082091395879,4.439728627984281,3.821582733035403,-6.088227986344757,5.470082091395879
JPY,JPN,1984,237.544355,JP,86.6687007104884,47.6407764689877,-5.470354363932348,4.462092811808413,3.863689043031601,-6.06875813270916,5.470354363932348
JPY,JPN,1985,238.261042,JP,88.4300490811738,49.3299488738723,-5.473366887735278,4.48221183361603,3.898531378834656,-6.057047342516652,5.473366887735278
JPY,JPN,1986,168.281964,JP,88.9567267802513,50.2662548449057,-5.125640929678697,4.488150035538602,3.9173339741315827,-5.696456991085717,5.125640929678697
JPY,JPN,1987,144.597353,JP,89.0689695685793,52.1082935307754,-4.973953003886297,4.48941100859477,3.9533241209424923,-5.510039891538575,4.973953003886297
JPY,JPN,1988,128.215287,JP,89.6733538134223,54.2331348364675,-4.853710780747379,4.496173665997799,3.9932920654973416,-5.356592381247836,4.853710780747379
JPY,JPN,1989,138.012471,JP,91.7109921246073,56.8509698983363,-4.927344050639339,4.518642242575878,4.040433280707765,-5.405553012507452,4.927344050639339
JPY,JPN,1990,144.657381,JP,94.5343299540883,59.919760489111,-4.9743680567363,4.54896304846696,4.093006342023255,-5.430324763180005,4.9743680567363
JPY,JPN,1991,134.513793,JP,97.608055542147,62.4573407534626,-4.901666743969857,4.580960026305604,4.134483775755862,-5.348142994519599,4.901666743969857
JPY,JPN,1992,126.598433,JP,99.3262336096294,64.3490609806525,-4.841020132066332,4.598409721554363,4.164322341560413,-5.275107512060282,4.841020132066332
JPY,JPN,1993,111.058241,JP,100.560904281237,66.2484245218916,-4.710054757402423,4.610763556696185,4.193411683781927,-5.12740663031668,4.710054757402423
JPY,JPN,1994,102.148704,JP,101.260263193127,67.9758134970225,-4.626429633958478,4.617694065719967,4.219151958038281,-5.024971741640164,4.626429633958478
JPY,JPN,1995,94.151148,JP,101.130752283518,69.8828203523109,-4.544901448337374,4.616414256663411,4.246819844387176,-4.914495860613609,4.544901448337374
JPY,JPN,1996,108.767353,JP,101.268897253768,71.9312285175105,-4.6892112250552955,4.617779328115043,4.275710503081537,-5.031280050088801,4.6892112250552955
JPY,JPN,1997,120.88296,JP,103.038879685094,73.6127576083459,-4.7948228047593195,4.635106389675566,4.298818347783613,-5.131110846651272,4.7948228047593195
JPY,JPN,1998,130.777878,JP,103.720970475702,74.755433058709,-4.873500296278904,4.641704317314908,4.3142218926891625,-5.2009827209046495,4.873500296278904
JPY,JPN,1999,113.766803,JP,103.366973989437,76.391102265249,-4.734150765603048,4.638285510566124,4.335866226893451,-5.0365700492757215,4.734150765603048
JPY,JPN,2000,107.74558,JP,102.667615077547,78.9707207568715,-4.679772707260807,4.631496732031112,4.36907716043848,-4.9421922788534385,4.679772707260807
JPY,JPN,2001,121.408906,JP,101.907817741173,81.2025684592531,-4.799164236725401,4.624068657022603,4.396946877938964,-5.02628601580904,4.799164236725401
JPY,JPN,2002,125.137925,JP,100.966705131346,82.490466876552,-4.829416529003944,4.61479081032915,4.412682733652381,-5.031524605680713,4.829416529003944
JPY,JPN,2003,115.928893,JP,100.707683312128,84.3630788186188,-4.752977011771025,4.612222095841977,4.435129851134964,-4.9300692564780375,4.752977011771025
JPY,JPN,2004,108.158347,JP,100.699049251487,86.6216781201727,-4.6835963292636675,4.612136358284584,4.461550108955697,-4.8341825785925545,4.6835963292636675
JPY,JPN,2005,110.181384,JP,100.414125250347,89.5605323721102,-4.702127953229065,4.609302887106247,4.494914736019611,-4.816516104315701,4.702127953229065
JPY,JPN,2006,116.306952,JP,100.664513008925,92.4497050827274,-4.756232834178319,4.61179333452683,4.526664767808872,-4.841361400896277,4.756232834178319
JPY,JPN,2007,117.774224,JP,100.724951433409,95.0869923788515,-4.768769435729756,4.612393548907119,4.554792181845666,-4.826370802791209,4.768769435729756
JPY,JPN,2008,103.443632,JP,102.115035196548,98.7374773853445,-4.6390268459894894,4.626099973844653,4.592464584452349,-4.672662235381793,4.6390268459894894
JPY,JPN,2009,93.542562,JP,100.73358549405,98.3864199710624,-4.538416541274808,4.612479264417397,4.5889027861100065,-4.561993019582198,4.538416541274808
JPY,JPN,2010,87.707535,JP,100.0,100.0,-4.474007813589344,4.605170185988092,4.605170185988092,-4.474007813589344,4.474007813589344
JPY,JPN,2011,79.701694,JP,99.7275443838987,103.156841568622,-4.378290840275436,4.602441911468488,4.636250563722241,-4.344482188021683,4.378290840275436
JPY,JPN,2012,79.75303,JP,99.6835999296889,105.291504532867,-4.378934734673618,4.602001169251472,4.65673273718501,-4.32420316674008,4.378934734673618
JPY,JPN,2013,97.617765,JP,100.017577781684,106.833848874866,-4.581059495298323,4.605345948357821,4.671274813342744,-4.515130630313401,4.581059495298323
JPY,JPN,2014,105.81779,JP,102.777289506064,108.566932118964,-4.661718652737017,4.632564409413111,4.687366868673699,-4.606916193476429,4.661718652737017
JPY,JPN,2015,121.079599,JP,103.594656354368,108.695721960694,-4.796448172288106,4.640485748904068,4.688552436965321,-4.748381484226853,4.796448172288106
JPY,JPN,2016,108.654779,JP,103.462822991738,110.06700893427,-4.68817569100893,4.639212350030857,4.7010893524521205,-4.626298688587667,4.68817569100893
JPY,JPN,2017,112.194306,JP,103.963789769731,112.411557302308,-4.720232243137738,4.644042663223235,4.722166755147941,-4.642108151213032,4.720232243137738
JPY,JPN,2018,110.473675,JP,104.992089998242,115.157303224791,-4.704777257281155,4.653885013969748,4.746299047831631,-4.612363223419272,4.704777257281155
JPY,JPN,2019,108.977442,JP,105.484267885393,117.244195476228,-4.691140906682743,4.658561822226958,4.764258900567713,-4.5854438283419885,4.691140906682743
JPY,JPN,2020,106.74129,JP,105.457901212867,118.690501577198,-4.67040805627403,4.658311832641888,4.776519278002681,-4.552200610913237,4.67040805627403
JPY,JPN,2021,109.870103,JP,105.211812269292,124.266413825838,-4.699298786183907,4.6559755779288725,4.822427759477936,-4.532846604634844,4.699298786183907
JPY,JPN,2022,131.550161,JP,107.839690631042,134.21120616846,-4.879388231354804,4.680645778382453,4.899414724542119,-4.660619285195138,4.879388231354804
JPY,JPN,2023,140.588412,JP,111.364035858675,139.73579356326,-4.945836557772316,4.71280443747641,4.939753450791028,-4.718887544457698,4.945836557772316
JPY,JPN,2024,151.431028,JP,114.41378098084,143.857336014608,-5.020130260560723,4.739821534809829,4.96882208636568,-4.791129709004872,5.020130260560723
NOK,NOR,1970,7.143527,NO,13.9633064881006,17.8051000777325,-1.9662066319757634,2.636432923737107,2.8794849374796003,-1.72315461823327,1.9662066319757634
NOK,NOR,1971,7.022161,NO,14.8323635870057,18.5694314826577,-1.949071005424157,2.6968115222100515,2.9215167600687066,-1.7243657675655018,1.949071005424157
NOK,NOR,1972,6.58754,NO,15.9089611799837,19.1770749495732,-1.8851799859553073,2.7668825466908715,2.9537155525891694,-1.6983469800570095,1.8851799859553073
NOK,NOR,1973,5.753465,NO,17.0893222332821,20.3617886272073,-1.7498022820092016,2.8384538376682884,3.0136600378830294,-1.5745960817944606,1.7498022820092016
NOK,NOR,1974,5.524872,NO,18.6977296172292,22.612744614712,-1.7092600797146333,2.9284021056462897,3.1185136683394976,-1.5191485170214254,1.7092600797146333
NOK,NOR,1975,5.228685,NO,20.8833490181884,24.6802610650347,-1.6541598124275783,3.03895214374416,3.2060037769810257,-1.4871081791907124,1.6541598124275783
NOK,NOR,1976,5.453785,NO,22.796571351009,26.0980958211709,-1.6963098630376565,3.1266101453105777,3.2618623546238927,-1.5610576537243415,1.6963098630376565
NOK,NOR,1977,5.324124,NO,24.871934666546,27.7949115401048,-1.6722481910204676,3.2137400459656917,3.3248529658173425,-1.561135271168817,1.6722481910204676
NOK,NOR,1978,5.241372,NO,26.9019002805176,29.9159311887723,-1.6565832961219877,3.2921969265111604,3.3983911541787712,-1.5503890684543769,1.6565832961219877
NOK,NOR,1979,5.063011,NO,28.1151027056375,33.2828110274678,-1.621961365610338,3.3363068947923566,3.505041078355544,-1.4532271820471505,1.621961365610338
NOK,NOR,1980,4.934362,NO,31.1736494434893,37.7923663165264,-1.596223383879552,3.439573168847069,3.632107132932793,-1.403689419793828,1.596223383879552
NOK,NOR,1981,5.741941,NO,35.4266582209755,41.6980997956942,-1.7477973064806347,3.567464593824213,3.7304555593179023,-1.5848063409869455,1.7477973064806347
NOK,NOR,1982,6.464764,NO,39.4443941724731,44.254788345169,-1.8663665073038507,3.6748919376377023,3.78996357678979,-1.751294868151763,1.8663665073038507
NOK,NOR,1983,7.300693,NO,42.783458510542,45.6764447583299,-1.9879692751554845,3.7561515444852422,3.821582733035403,-1.9225380866053239,1.9879692751554845
NOK,NOR,1984,8.161277,NO,45.4438512351823,47.6407764689877,-2.0994006518299746,3.816477525116839,3.863689043031601,-2.0521891339152125,2.0994006518299746
NOK,NOR,1985,8.585718,NO,48.0409012759026,49.3299488738723,-2.150100125098068,3.87205275798298,3.898531378834656,-2.123621504246392,2.150100125098068
NOK,NOR,1986,7.395523,NO,51.4885530721202,50.2662548449057,-2.0008748171237754,3.941359512519686,3.9173339741315827,-2.0249003555118787,2.0008748171237754
NOK,NOR,1987,6.733808,NO,55.976834675595,52.1082935307754,-1.907140808303895,4.0249379386443245,3.9533241209424923,-1.9787546260057272,1.907140808303895
NOK,NOR,1988,6.522524,NO,59.7140530268754,54.2331348364675,-1.8752614175926936,4.089567386782731,3.9932920654973416,-1.9715367388780827,1.8752614175926936
NOK,NOR,1989,6.907269,NO,62.42873948059,56.8509698983363,-1.9325743353452751,4.134025737945418,4.040433280707765,-2.026166792582928,1.9325743353452751
NOK,NOR,1990,6.256739,NO,65.0076916116189,59.919760489111,-1.833659122865078,4.174505595381345,4.093006342023255,-1.915158376223168,1.833659122865078
NOK,NOR,1991,6.493644,NO,67.2427834585106,62.4573407534626,-1.8708238523442995,4.208309703556779,4.134483775755862,-1.944649780145217,1.8708238523442995
NOK,NOR,1992,6.210432,NO,68.8082526468193,64.3490609806525,-1.8262304587432312,4.231323689007629,4.164322341560413,-1.8932318061904474,1.8262304587432312
NOK,NOR,1993,7.103191,NO,70.3827707899738,66.2484245218916,-1.9605441197006013,4.253948500115002,4.193411683781927,-2.021080936033676,1.9605441197006013
NOK,NOR,1994,7.053002,NO,71.3510089584653,67.9758134970225,-1.9534533417932782,4.267611484796448,4.219151958038281,-2.0019128685514453,1.9534533417932782
NOK,NOR,1995,6.339075,NO,73.1065061985341,69.8828203523109,-1.8467328587512046,4.2919173668790185,4.246819844387176,-1.8918303812430475,1.8467328587512046
NOK,NOR,1996,6.456142,NO,74.0294995927971,71.9312285175105,-1.8650319257691308,4.304463656913009,4.275710503081537,-1.893785079600602,1.8650319257691308
NOK,NOR,1997,7.081068,NO,75.9297801103972,73.6127576083459,-1.9574247437869219,4.329808967269378,4.298818347783613,-1.9884153632726869,1.9574247437869219
NOK,NOR,1998,7.552859,NO,77.6400325762375,74.755433058709,-2.021926167078151,4.352083177881318,4.3142218926891625,-2.0597874522703066,2.021926167078151
NOK,NOR,1999,7.802391,NO,79.4769704099177,76.391102265249,-2.0544302251837694,4.375467299316427,4.335866226893451,-2.0940312976067457,2.0544302251837694
NOK,NOR,2000,8.806907,NO,81.9292371731065,78.9707207568715,-2.175536299985576,4.405855913395213,4.36907716043848,-2.2123150529423086,2.175536299985576
NOK,NOR,2001,8.991457,NO,84.3905528911411,81.2025684592531,-2.19627490431729,4.4354554627675755,4.396946877938964,-2.2347834891459017,2.19627490431729
NOK,NOR,2002,7.976962,NO,85.4764274726269,82.490466876552,-2.076557637222021,4.448240635855371,4.412682733652381,-2.1121155394250115,2.076557637222021
NOK,NOR,2003,7.080777,NO,87.60293186137,84.3630788186188,-1.9573836474467146,4.47281446611938,4.435129851134964,-1.9950682624311304,1.9573836474467146
NOK,NOR,2004,6.736805,NO,88.0010858745815,86.6216781201727,-1.9075857769255087,4.477349153885957,4.461550108955697,-1.9233848218557688,1.9075857769255087
NOK,NOR,2005,6.44369,NO,89.349380146593,89.5605323721102,-1.8631013573915765,4.492554304218117,4.494914736019611,-1.8607409255900818,1.8631013573915765
NOK,NOR,2006,6.414112,NO,91.4306397611076,92.4497050827274,-1.8585005629208151,4.515580649429636,4.526664767808872,-1.8474164445415795,1.8585005629208151
NOK,NOR,2007,5.860918,NO,92.0821645099991,95.0869923788515,-1.768306246609865,4.522681270979213,4.554792181845666,-1.7361953357434121,1.768306246609865
NOK,NOR,2008,5.638257,NO,95.5388652610624,98.7374773853445,-1.7295749751932854,4.559533130782871,4.592464584452349,-1.6966435215238072,1.7295749751932854
NOK,NOR,2009,6.281082,NO,97.6382227852683,98.3864199710624,-1.8375422586330046,4.581269043651489,4.5889027861100065,-1.8299085161744877,1.8375422586330046
NOK,NOR,2010,6.047645,NO,100.0,100.0,-1.7996689400645431,4.605170185988092,4.605170185988092,-1.7996689400645431,1.7996689400645431
NOK,NOR,2011,5.604805,NO,101.284951588092,103.156841568622,-1.7236242655531795,4.617937847288581,4.636250563722241,-1.7053115491195197,1.7236242655531795
NOK,NOR,2012,5.821331,NO,101.990770066057,105.291504532867,-1.7615289297548993,4.624882319641384,4.65673273718501,-1.7296785122112732,1.7615289297548993
NOK,NOR,2013,5.877193,NO,104.153470274183,106.833848874866,-1.7710792669755908,4.645865487115234,4.671274813342744,-1.7456699407480811,1.7710792669755908
NOK,NOR,2014,6.30258,NO,106.279974662926,108.566932118964,-1.8409590733750223,4.666076882492318,4.687366868673699,-1.819669087193641,1.8409590733750223
NOK,NOR,2015,8.071579,NO,108.587458148584,108.695721960694,-2.0883491260915537,4.687555914169448,4.688552436965321,-2.0873526032956806,2.0883491260915537
NOK,NOR,2016,8.396489,NO,112.442312912859,110.06700893427,-2.1278136422823954,4.7224403160229524,4.7010893524521205,-2.1491646058532274,2.1278136422823954
NOK,NOR,2017,8.265782,NO,114.55071939191,112.411557302308,-2.11212434264716,4.741017689036135,4.722166755147941,-2.130975276535354,2.11212434264716
NOK,NOR,2018,8.134544,NO,117.717853587911,115.157303224791,-2.096119685012635,4.768290690000872,4.746299047831631,-2.118111327181876,2.096119685012635
NOK,NOR,2019,8.802308,NO,120.269658854402,117.244195476228,-2.1750139598239544,4.789736378820639,4.764258900567713,-2.200491438076881,2.1750139598239544
NOK,NOR,2020,9.404113,NO,121.81703013302,118.690501577198,-2.2411471467689643,4.8025201659699706,4.776519278002681,-2.267148034736254,2.2411471467689643
NOK,NOR,2021,8.596841,NO,126.06098995566,124.266413825838,-2.1513948101975,4.836765837105533,4.822427759477936,-2.165732887825097,2.1513948101975
NOK,NOR,2022,9.620321,NO,133.327300696769,134.21120616846,-2.2638776321042844,4.892807012642064,4.899414724542119,-2.2572699202042292,2.2638776321042844
NOK,NOR,2023,10.568521,NO,140.684100986336,139.73579356326,-2.3578798657777296,4.94651695834905,4.939753450791028,-2.3646433733357513,2.3578798657777296
NOK,NOR,2024,10.746642,NO,145.109039905891,143.857336014608,-2.374593333682324,4.9774854591617075,4.96882208636568,-2.383256706478351,2.374593333682324
NZD,NZL,1970,0.892857,NZ,7.23277641003797,17.8051000777325,0.11332884530701597,1.9786229749101465,2.8794849374796003,1.0141908078764699,-0.11332884530701597
NZD,NZL,1971,0.880234,NZ,7.98408600097771,18.5694314826577,0.12756749776653215,2.0774503106166935,2.9215167600687066,0.9716339472185451,-0.12756749776653215
NZD,NZL,1972,0.837847,NZ,8.5376070818882,19.1770749495732,0.17691977273499918,2.1444807673527406,2.9537155525891694,0.9861545579714281,-0.17691977273499918
NZD,NZL,1973,0.738596,NZ,9.23484521611699,20.3617886272073,0.3030041922295709,2.2229838529386794,3.0136600378830294,1.093680377173921,-0.3030041922295709
NZD,NZL,1974,0.715618,NZ,10.2607812963819,22.612744614712,0.33460877394676203,2.3283289865882035,3.1185136683394976,1.124793455698056,-0.33460877394676203
NZD,NZL,1975,0.835545,NZ,11.7675753338946,24.6802610650347,0.1796710724329911,2.4653478961332675,3.2060037769810257,0.9203269532807492,-0.1796710724329911
NZD,NZL,1976,1.010176,NZ,13.7571024686631,26.0980958211709,-0.01012457309784899,2.621555233925575,3.2618623546238927,0.6301825476004685,0.01012457309784899
NZD,NZL,1977,1.032342,NZ,15.7358621009293,27.7949115401048,-0.03183000750889826,2.75594231776222,3.3248529658173425,0.5370806405462241,0.03183000750889826
NZD,NZL,1978,0.965308,NZ,17.6173390171475,29.9159311887723,0.03530805758291837,2.8688835885100574,3.3983911541787712,0.5648156232516324,-0.03530805758291837
NZD,NZL,1979,0.979057,NZ,20.0308431150332,33.2828110274678,0.021165415470300736,2.9972732414045984,3.505041078355544,0.5289332524212464,-0.021165415470300736
NZD,NZL,1980,1.027557,NZ,23.4662419623063,37.7923663165264,-0.02718414030215688,3.1555628761349377,3.632107132932793,0.44936011649569885,0.02718414030215688
NZD,NZL,1981,1.154761,NZ,27.0730408000892,41.6980997956942,-0.14389339615460756,3.298538428314571,3.7304555593179023,0.28802373484872357,0.14389339615460756
NZD,NZL,1982,1.333269,NZ,31.4490443048381,44.254788345169,-0.28763382128771225,3.4483685949212375,3.78996357678979,0.05396116058084033,0.28763382128771225
NZD,NZL,1983,1.497564,NZ,33.7577425046817,45.6764447583299,-0.40383978799072356,3.519209798554776,3.821582733035403,-0.10146685351009666,0.40383978799072356
NZD,NZL,1984,1.764276,NZ,35.8410183635162,47.6407764689877,-0.56774040793064,3.5790930018636633,3.863689043031601,-0.2831443667627025,0.56774040793064
NZD,NZL,1985,2.017952,NZ,41.3668631282974,49.3299488738723,-0.7020831357218676,3.7224801528050837,3.898531378834656,-0.5260319096922954,0.7020831357218676
NZD,NZL,1986,1.911407,NZ,46.8328314200303,50.2662548449057,-0.64783962008034,3.846584483038234,3.9173339741315827,-0.5770901289869914,0.64783962008034
NZD,NZL,1987,1.689325,NZ,54.2063332667549,52.1082935307754,-0.5243290408662246,3.9927977515593054,3.9533241209424923,-0.5638026714830375,0.5243290408662246
NZD,NZL,1988,1.526738,NZ,57.6621222270164,54.2331348364675,-0.42313343325723984,4.054600497412513,3.9932920654973416,-0.48444186517241095,0.42313343325723984
NZD,NZL,1989,1.672914,NZ,60.9580842618454,56.8509698983363,-0.5145670160211386,4.110186484733749,4.040433280707765,-0.5843202200471227,0.5145670160211386
NZD,NZL,1990,1.67563,NZ,64.675578984307,59.919760489111,-0.5161892139648432,4.169383680243959,4.093006342023255,-0.5925665521855468,0.5161892139648432
NZD,NZL,1991,1.729719,NZ,66.3586916339568,62.4573407534626,-0.547958967571208,4.195074748942778,4.134483775755862,-0.6085499407581243,0.547958967571208
NZD,NZL,1992,1.859363,NZ,67.031940556103,64.3490609806525,-0.6202339559495192,4.205169230511794,4.164322341560413,-0.6610808449009005,0.6202339559495192
NZD,NZL,1993,1.848809,NZ,67.8954512198756,66.2484245218916,-0.6145416479886862,4.217969039977052,4.193411683781927,-0.6390990041838109,0.6145416479886862
NZD,NZL,1994,1.68524,NZ,69.0804834258259,67.9758134970225,-0.5219079868960964,4.235272251311692,4.219151958038281,-0.5380282801695073,0.5219079868960964
NZD,NZL,1995,1.524449,NZ,71.6744169878802,69.8828203523109,-0.4216330332952471,4.272133877629344,4.246819844387176,-0.4469470665374149,0.4216330332952471
NZD,NZL,1996,1.454309,NZ,73.3126884933663,71.9312285175105,-0.37453087372669536,4.294733697504899,4.275710503081537,-0.3935540681500571,0.37453087372669536
NZD,NZL,1997,1.513812,NZ,74.1830188512678,73.6127576083459,-0.4146309729324582,4.306535267529784,4.298818347783613,-0.42234789267862904,0.4146309729324582
NZD,NZL,1998,1.868984,NZ,75.1216151198578,74.755433058709,-0.6253949677091207,4.319108335199463,4.3142218926891625,-0.6302814102194212,0.6253949677091207
NZD,NZL,1999,1.891175,NZ,75.0357758064178,76.391102265249,-0.6371983290221334,4.317965010555086,4.335866226893451,-0.6192971126837681,0.6371983290221334
NZD,NZL,2000,2.20581,NZ,76.9981372744839,78.9707207568715,-0.7910947883822174,4.3437812303206025,4.36907716043848,-0.7657988582643398,0.7910947883822174
NZD,NZL,2001,2.379533,NZ,79.0199669167589,81.2025684592531,-0.8669042499426223,4.369700566313946,4.396946877938964,-0.8396579383176039,0.8669042499426223
NZD,NZL,2002,2.160643,NZ,81.135404585527,82.490466876552,-0.7704058625818153,4.396119420551163,4.412682733652381,-0.7538425494805976,0.7704058625818153
NZD,NZL,2003,1.722004,NZ,82.5581743082921,84.3630788186188,-0.5434887288832129,4.413503187974841,4.435129851134964,-0.5218620657230901,0.5434887288832129
NZD,NZL,2004,1.507936,NZ,84.4489620933151,86.6216781201727,-0.41074182836684614,4.436147352986634,4.461550108955697,-0.385339072397783,0.41074182836684614
NZD,NZL,2005,1.420447,NZ,87.0136967707976,89.5605323721102,-0.35097161080998596,4.466065540410228,4.494914736019611,-0.32212241520060303,0.35097161080998596
NZD,NZL,2006,1.542983,NZ,89.9420574288871,92.4497050827274,-0.43371755582195093,4.499165656652268,4.526664767808872,-0.4062184446653472,0.43371755582195093
NZD,NZL,2007,1.36083,NZ,92.0792094230958,95.0869923788515,-0.30809480771188785,4.5226491786154295,4.554792181845666,-0.275951804481652,0.30809480771188785
NZD,NZL,2008,1.424612,NZ,95.7245787073259,98.7374773853445,-0.35389949594373915,4.561475096281079,4.592464584452349,-0.32291000777246914,0.35389949594373915
NZD,NZL,2009,1.596484,NZ,97.7497768150263,98.3864199710624,-0.4678037111995234,4.582410915640631,4.5889027861100065,-0.46131184073014797,0.4678037111995234
NZD,NZL,2010,1.387455,NZ,100.0,100.0,-0.32747113368007746,4.605170185988092,4.605170185988092,-0.32747113368007774,0.32747113368007746
NZD,NZL,2011,1.265442,NZ,104.02790667392,103.156841568622,-0.2354214682656576,4.644659196549481,4.636250563722241,-0.2438301010928976,0.2354214682656576
NZD,NZL,2012,1.235474,NZ,105.130512172271,105.291504532867,-0.2114547021134016,4.6552025513752735,4.65673273718501,-0.2099245163036656,0.2114547021134016
NZD,NZL,2013,1.220332,NZ,106.323136529614,106.833848874866,-0.19912295287174164,4.666482914812719,4.671274813342744,-0.19433105434171694,0.19912295287174164
NZD,NZL,2014,1.205764,NZ,107.628261011102,108.566932118964,-0.18711339093001572,4.678683262043589,4.687366868673699,-0.17842978429990541,0.18711339093001572
NZD,NZL,2015,1.436308,NZ,107.943293912264,108.695721960694,-0.36207593230714774,4.68160603286593,4.688552436965321,-0.35512952820775645,0.36207593230714774
NZD,NZL,2016,1.435329,NZ,108.640866961892,110.06700893427,-0.3613940912263088,4.68804764391378,4.7010893524521205,-0.34835238268796864,0.3613940912263088
NZD,NZL,2017,1.407427,NZ,110.651578737121,112.411557302308,-0.3417632146777913,4.706386334240922,4.722166755147941,-0.32598279377077244,0.3417632146777913
NZD,NZL,2018,1.446533,NZ,112.420119642595,115.157303224791,-0.3691696588620375,4.722242921819894,4.746299047831631,-0.34511353285030033,0.3691696588620375
NZD,NZL,2019,1.518862,NZ,114.240911764414,117.244195476228,-0.41796137024367036,4.7383094796905,4.764258900567713,-0.39201194936645756,0.41796137024367036
NZD,NZL,2020,1.540074,NZ,116.19964268334,118.690501577198,-0.4318304672191318,4.755309769398798,4.776519278002681,-0.4106209586152483,0.4318304672191318
NZD,NZL,2021,1.41456,NZ,120.779210747308,124.266413825838,-0.3468185286753573,4.793964174227737,4.822427759477936,-0.3183549434251587,0.3468185286753573
NZD,NZL,2022,1.578632,NZ,129.441767205658,134.21120616846,-0.45655864921302297,4.863231105918298,4.899414724542119,-0.4203750305892022,0.45655864921302297
NZD,NZL,2023,1.630003,NZ,136.86287449004,139.73579356326,-0.48858185530777487,4.918979508445978,4.939753450791028,-0.4678079129627246,0.48858185530777487
NZD,NZL,2024,1.65247,NZ,140.863099606157,143.857336014608,-0.5022711382672639,4.947788493946359,4.96882208636568,-0.4812375458479421,0.5022711382672639
SEK,SWE,1970,5.184999,SE,13.68827937526,17.8051000777325,-1.6457696488174414,2.6165399466139267,2.8794849374796003,-1.3828246579517678,1.6457696488174414
SEK,SWE,1971,5.105136,SE,14.7006017075933,18.5694314826577,-1.6302470918102576,2.687888425436319,2.9215167600687066,-1.39661875717787,1.6302470918102576
SEK,SWE,1972,4.757108,SE,15.5837241402111,19.1770749495732,-1.5596399205769125,2.7462270452683457,2.9537155525891694,-1.3521514132560888,1.5596399205769125
SEK,SWE,1973,4.361946,SE,16.6306383224921,20.3617886272073,-1.472918288060443,2.81124667626207,3.0136600378830294,-1.2705049264394837,1.472918288060443
SEK,SWE,1974,4.436829,SE,18.2790215088424,22.612744614712,-1.4899399321003524,2.905754036630662,3.1185136683394976,-1.2771803003915168,1.4899399321003524
SEK,SWE,1975,4.153356,SE,20.0666867786879,24.6802610650347,-1.4239166821401898,2.999061065906358,3.2060037769810257,-1.216973971065522,1.4239166821401898
SEK,SWE,1976,4.35294,SE,22.1233665870451,26.0980958211709,-1.470851478877647,3.096634361594445,3.2618623546238927,-1.3056234858481992,1.470851478877647
SEK,SWE,1977,4.482839,SE,24.6546790755082,27.7949115401048,-1.500256551077585,3.204966702982498,3.3248529658173425,-1.3803702882427407,1.500256551077585
SEK,SWE,1978,4.517384,SE,27.1189796868586,29.9159311887723,-1.50793306523536,3.3002338401984828,3.3983911541787712,-1.4097757512550715,1.50793306523536
SEK,SWE,1979,4.286156,SE,29.0742001338965,33.2828110274678,-1.4553902939625047,3.3698511875842283,3.505041078355544,-1.3202004031911891,1.4553902939625047
SEK,SWE,1980,4.227076,SE,33.0592037292646,37.7923663165264,-1.4415105010776224,3.4983000064786345,3.632107132932793,-1.3077033746234634,1.4415105010776224
SEK,SWE,1981,5.069856,SE,37.0606694272482,41.6980997956942,-1.623312414832873,3.6125562840305063,3.7304555593179023,-1.5054131395454773,1.623312414832873
SEK,SWE,1982,6.292602,SE,40.2438789201222,44.254788345169,-1.8393746576694967,3.694957915781063,3.78996357678979,-1.7443689966607698,1.8393746576694967
SEK,SWE,1983,7.673386,SE,43.8147269586491,45.6764447583299,-2.037757978198945,3.7799699928017394,3.821582733035403,-1.9961452379652815,2.037757978198945
SEK,SWE,1984,8.271234,SE,47.3392897976951,47.6407764689877,-2.1127837119308963,3.8573406018122376,3.863689043031601,-2.106435270711533,2.1127837119308963
SEK,SWE,1985,8.595837,SE,50.8294142442702,49.3299488738723,-2.151278016292427,3.928475207573214,3.898531378834656,-2.181221845030985,2.151278016292427
SEK,SWE,1986,7.119864,SE,52.9825025415534,50.2662548449057,-1.96288862411786,3.9699617183182676,3.9173339741315827,-2.015516368304545,1.96288862411786
SEK,SWE,1987,6.339418,SE,55.2017125523808,52.1082935307754,-1.846786966128175,4.010993977301452,3.9533241209424923,-1.904456822487135,1.846786966128175
SEK,SWE,1988,6.133126,SE,58.4171563806076,54.2331348364675,-1.8137045710276243,4.067609620331696,3.9932920654973416,-1.888022125861979,1.8137045710276243
SEK,SWE,1989,6.44834,SE,62.1811349241116,56.8509698983363,-1.8638227333427104,4.130051656701278,4.040433280707765,-1.9534411093362238,1.8638227333427104
SEK,SWE,1990,5.917489,SE,68.6271754732524,59.919760489111,-1.7779122035111605,4.2286886002125135,4.093006342023255,-1.913594461700419,1.7779122035111605
SEK,SWE,1991,6.054409,SE,75.1087564434232,62.4573407534626,-1.8007867669564612,4.3189371490893285,4.134483775755862,-1.9852401402899282,1.8007867669564612
SEK,SWE,1992,5.821222,SE,76.8921141591385,64.3490609806525,-1.761510205339386,4.342403324558118,4.164322341560413,-1.9395911883370909,1.761510205339386
SEK,SWE,1993,7.799472,SE,80.5277063755107,66.2484245218916,-2.054056039096626,4.38860130378643,4.193411683781927,-2.249245659101129,2.054056039096626
SEK,SWE,1994,7.713115,SE,82.2656054131643,67.9758134970225,-2.0429221267331004,4.409953103115786,4.219151958038281,-2.2337232718106055,2.0429221267331004
SEK,SWE,1995,7.137207,SE,84.2853482548001,69.8828203523109,-1.965321523351431,4.434208045095362,4.246819844387176,-2.1527097240596174,1.965321523351431
SEK,SWE,1996,6.706189,SE,84.7347003997609,71.9312285175105,-1.9030308313629585,4.439525203707225,4.275710503081537,-2.066845531988646,1.9030308313629585
SEK,SWE,1997,7.635764,SE,85.2926023577901,73.6127576083459,-2.0328429991522636,4.446087725740204,4.298818347783613,-2.1801123771088546,2.0328429991522636
SEK,SWE,1998,7.953779,SE,85.0647579532024,74.755433058709,-2.0736471616371115,4.443412824696589,4.3142218926891625,-2.2028380936445378,2.0736471616371115
SEK,SWE,1999,8.271146,SE,85.4579066416507,76.391102265249,-2.1127730725912124,4.448023934732748,4.335866226893451,-2.2249307804305096,2.1127730725912124
SEK,SWE,2000,9.171328,SE,86.2262960544623,78.9707207568715,-2.216082095848391,4.456975189785176,4.36907716043848,-2.303980125195087,2.216082095848391
SEK,SWE,2001,10.343176,SE,88.3008648169117,81.2025684592531,-2.3363269785904435,4.480749901637963,4.396946877938964,-2.4201300022894423,2.3363269785904435
SEK,SWE,2002,9.719409,SE,90.2068232098235,82.490466876552,-2.274124814154667,4.502105069549337,4.412682733652381,-2.363547150051623,2.274124814154667
SEK,SWE,2003,8.083812,SE,91.9438957260577,84.3630788186188,-2.0898635434570005,4.521178561963075,4.435129851134964,-2.1759122542851115,2.0898635434570005
SEK,SWE,2004,7.345271,SE,92.2874531293479,86.6216781201727,-1.994056704792721,4.524908196508659,4.461550108955697,-2.057414792345683,1.994056704792721
SEK,SWE,2005,7.478023,SE,92.705672967515,89.5605323721102,-2.0119684522388788,4.529429667759917,4.494914736019611,-2.0464833839791847,2.0119684522388788
SEK,SWE,2006,7.379297,SE,93.966669146231,92.4497050827274,-1.9986783766225273,4.542940135839658,4.526664767808872,-2.014953744653314,1.9986783766225273
SEK,SWE,2007,6.758491,SE,96.045370515777,95.0869923788515,-1.910799640284426,4.564820689362467,4.554792181845666,-1.9208281478012275,1.910799640284426
SEK,SWE,2008,6.587437,SE,99.3464970644715,98.7374773853445,-1.8851643502543871,4.598613709840461,4.592464584452349,-1.891313475642499,1.8851643502543871
SEK,SWE,2009,7.644609,SE,98.8552678342659,98.3864199710624,-2.0340006935341846,4.593656839388061,4.5889027861100065,-2.0387547468122387,2.0340006935341846
SEK,SWE,2010,7.206174,SE,100.0,100.0,-1.9749381585789245,4.605170185988092,4.605170185988092,-1.9749381585789245,1.9749381585789245
SEK,SWE,2011,6.493945,SE,102.961150738221,103.156841568622,-1.8708702042884602,4.634351739781562,4.636250563722241,-1.868971380347781,1.8708702042884602
SEK,SWE,2012,6.777225,SE,103.87583444225,105.291504532867,-1.913567726134059,4.643196286281734,4.65673273718501,-1.9000312752307833,1.913567726134059
SEK,SWE,2013,6.514909,SE,103.829824749908,106.833848874866,-1.874093242712566,4.642753258457904,4.671274813342744,-1.845571687827726,1.874093242712566
SEK,SWE,2014,6.863611,SE,103.643306416286,108.566932118964,-1.9262336880855422,4.640955258082418,4.687366868673699,-1.8798220774942607,1.9262336880855422
SEK,SWE,2015,8.434721,SE,103.594817159687,108.695721960694,-2.132356638983792,4.640487301157821,4.688552436965321,-2.084291503176291,2.132356638983792
SEK,SWE,2016,8.561069,SE,104.614469083966,110.06700893427,-2.147225065533966,4.650281869827001,4.7010893524521205,-2.0964175829088467,2.147225065533966
SEK,SWE,2017,8.544253,SE,106.491774734342,112.411557302308,-2.14525889320265,4.668067749625504,4.722166755147941,-2.0911598876802127,2.14525889320265
SEK,SWE,2018,8.697642,SE,108.572129146727,115.157303224791,-2.163051954441296,4.687414736871467,4.746299047831631,-2.1041676434811327,2.163051954441296
SEK,SWE,2019,9.461526,SE,110.509219846432,117.244195476228,-2.2472336808368425,4.705098955001362,4.764258900567713,-2.1880737352704918,2.2472336808368425
SEK,SWE,2020,9.199733,SE,111.058856590269,118.690501577198,-2.2191744618947253,4.710060300336989,4.776519278002681,-2.152715484229034,2.2191744618947253
SEK,SWE,2021,8.584216,SE,113.461278849041,124.266413825838,-2.1499251681059404,4.7314616231996185,4.822427759477936,-2.058959031827623,2.1499251681059404
SEK,SWE,2022,10.122728,SE,122.957183435409,134.21120616846,-2.314783192750536,4.811836192619653,4.899414724542119,-2.22720466082807,2.314783192750536
SEK,SWE,2023,10.618662,SE,133.46833183182,139.73579356326,-2.362613019175985,4.893864234957515,4.939753450791028,-2.316723803342472,2.362613019175985
SEK,SWE,2024,10.565879,SE,137.253248917946,143.857336014608,-2.357629846849938,4.921827751642778,4.96882208636568,-2.3106355121270354,2.357629846849938
